項目,,Korea,TW,HK,CN,TAI,SINGAPORE,MAKAYSIA,INDONISIA,PHILLPIN,VATNAM,INDO,EN,GMIN,FR,ITALIA,SPAIN,RUSSIA,US,KANADA,MEKISIKO,ASTRO,EUROPA,MID_WAST,OTHER
団体パッケージツアー,,53,156,48,16,27,2,18,17,24,116,13,11,6,4,12,11,9,35,7,16,15,4,23,25
個人旅行向けパッケージ商品,,19,38,33,20,14,1,3,3,16,19,12,5,3,6,2,3,7,9,4,3,9,4,1,12
往復航空船舶運賃,,746,559,725,1057,231,125,145,182,502,200,84,163,107,115,94,87,54,714,144,83,143,93,77,243
宿泊費,,711,547,711,978,220,125,143,161,434,143,67,157,109,114,93,86,54,678,143,84,144,94,74,233
飲食費,,781,628,778,1078,250,127,152,186,488,197,82,172,111,122,103,94,64,725,149,95,155,99,81,260
交通費,,740,596,758,1044,235,126,145,172,466,168,81,173,108,117,97,93,61,713,152,85,151,97,75,253
娯楽等サービス費,,345,357,434,591,138,75,101,113,328,81,48,142,97,102,83,78,50,554,114,75,130,77,69,197
買物代,,807,748,797,1080,269,127,165,200,529,324,103,172,112,123,107,100,70,741,153,100,166,99,101,276
その他,,1,1,1,2,1,0,1,0,0,0,0,0,0,0,0,0,0,1,1,0,0,0,0,1
