,,,,,,,,,,,,,,,,,,,,,,,,,,,,,,,,,,,,,,,,,,,,,,,,,,,,
表2-1　国籍･地域（24区分）別　費目別購入率および購入者単価,,,,,,,,,,,,,,,,,,,,,,,,,,,,,,,,,,,,,,,,,,,,,,,,,,,,
,,,,,,,,,,,,,,,,,,,,,,,,,,,,,,,,,,,,,,,,,,,,,,,,,,,,
2026年4-6月期 【1次速報】,,,,,,,,,,,,,,（単位）回答数：人、購入率：％、購入者単価：円／人,,,,,,,,,,,,（単位）回答数：人、購入率：％、購入者単価：円／人,,,,,,,,,,,,（単位）回答数：人、購入率：％、購入者単価：円／人,,,,,,,,,,,,,,（単位）回答数：人、購入率：％、購入者単価：円／人
調査項目,,,全国籍･地域,,韓国,,台湾,,香港,,中国,,タイ,,シンガポール,,マレーシア,,インドネシア,,フィリピン,,ベトナム,,インド,,英国,,ドイツ,,フランス,,イタリア,,スペイン,,ロシア,,米国,,カナダ,,メキシコ,,オーストラリア,,北欧,,中東,,その他,
,,,回答数,購入率,回答数,購入率,回答数,購入率,回答数,購入率,回答数,購入率,回答数,購入率,回答数,購入率,回答数,購入率,回答数,購入率,回答数,購入率,回答数,購入率,回答数,購入率,回答数,購入率,回答数,購入率,回答数,購入率,回答数,購入率,回答数,購入率,回答数,購入率,回答数,購入率,回答数,購入率,回答数,購入率,回答数,購入率,回答数,購入率,回答数,購入率,回答数,購入率
旅行前支出,団体パッケージツアー,,668,8.7,53,5.8,156,18.1,48,6.1,16,1.5,27,9.7,2,1.5,18,9.4,17,10.0,24,4.7,116,34.4,13,12.2,11,5.9,6,5.3,4,2.9,12,11.1,11,7.1,9,7.2,35,4.7,7,5.0,16,15.7,15,8.9,4,3.5,23,16.9,25,9.6
【A1】,個人旅行向けパッケージ商品,,246,2.8,19,1.1,38,4.9,33,4.4,20,1.9,14,5.0,1,0.2,3,1.3,3,1.2,16,3.0,19,4.5,12,11.0,5,2.5,3,2.6,6,5.5,2,2.0,3,2.3,7,5.8,9,1.1,4,2.6,3,2.5,9,5.5,4,3.8,1,0.6,12,3.7
,往復航空（船舶）運賃,,"6,673",88.5,746,93.1,559,77.0,725,89.6,"1,057",96.6,231,85.4,125,98.3,145,89.3,182,88.9,502,92.3,200,61.1,84,76.8,163,91.6,107,92.1,115,91.6,94,86.9,87,90.6,54,87.0,714,94.2,144,92.4,83,81.8,143,85.6,93,92.7,77,82.5,243,86.6
日本滞在中の,宿泊費,,"6,303",84.5,711,88.7,547,75.2,711,87.5,978,89.9,220,81.2,125,97.7,143,86.6,161,78.2,434,79.7,143,43.7,67,61.1,157,87.4,109,93.8,114,90.8,93,86.1,86,89.5,54,87.3,678,89.6,143,92.2,84,84.2,144,86.1,94,93.5,74,79.4,233,84.9
費目別支出,飲食費,,"6,977",92.9,781,96.5,628,86.0,778,96.6,"1,078",98.8,250,91.5,127,99.2,152,92.6,186,91.4,488,89.9,197,60.7,82,74.7,172,95.8,111,95.6,122,97.6,103,95.4,94,95.8,64,95.6,725,95.5,149,95.8,95,94.1,155,92.5,99,98.1,81,83.8,260,92.1
【A1】,交通費,,"6,706",89.9,740,93.2,596,82.2,758,94.1,"1,044",95.7,235,86.8,126,98.5,145,88.6,172,85.1,466,85.8,168,51.5,81,73.9,173,96.3,108,92.9,117,93.8,97,89.9,93,95.2,61,92.8,713,94.0,152,98.2,85,85.1,151,90.0,97,96.5,75,80.0,253,90.7
,,航空（日本国内移動のみ）,247,2.7,1,0.2,10,1.4,17,2.0,35,2.9,6,1.8,7,5.8,4,1.9,6,3.1,15,2.6,4,1.3,3,2.7,9,6.5,9,6.8,7,5.7,4,3.4,3,1.8,2,3.2,53,6.4,11,7.6,9,8.1,11,7.0,3,5.1,6,7.7,12,4.5
,,Japan Rail Pass,360,4.1,24,1.9,39,3.8,42,4.7,44,3.9,17,5.8,9,7.2,5,1.7,8,3.8,11,1.7,6,1.4,5,4.7,12,7.1,10,8.9,19,15.4,11,10.4,10,6.5,4,3.8,40,5.3,6,3.6,2,1.7,7,3.5,6,4.4,3,3.8,20,7.5
,,新幹線・鉄道・地下鉄・モノレール,"5,624",75.8,522,73.9,427,61.9,574,74.1,947,87.9,179,73.3,89,80.0,119,82.3,158,78.7,410,76.5,152,47.4,73,66.4,154,87.6,100,86.2,105,83.8,89,82.8,89,86.0,57,89.7,643,86.3,140,90.7,80,79.3,134,80.7,90,91.0,70,74.5,223,81.9
,,バス,"1,821",23.6,244,26.5,141,17.4,187,22.0,237,21.7,47,16.2,22,18.1,40,22.8,56,27.0,121,21.7,39,12.0,24,22.1,46,27.5,46,38.1,44,35.4,29,27.0,30,28.2,25,63.6,185,24.3,49,33.4,30,30.6,48,28.3,29,24.8,28,27.9,74,26.6
,,タクシー,"2,012",26.2,177,22.8,126,17.5,120,15.0,243,21.1,56,20.1,31,23.2,37,21.7,45,23.1,136,23.9,41,12.7,40,36.1,100,53.1,39,33.1,38,31.1,46,42.2,25,35.9,19,57.4,373,49.7,53,34.1,34,35.1,79,46.6,39,37.0,36,36.9,79,28.4
,,レンタカー,735,9.2,99,8.2,130,16.9,171,19.0,41,3.5,60,17.2,37,18.5,33,11.6,6,2.6,29,5.1,6,1.8,3,2.8,10,5.8,5,3.2,9,7.3,2,1.9,8,11.6,0,0.0,31,2.6,5,3.2,2,1.7,13,7.9,8,9.1,3,1.9,24,6.3
,,船舶（日本国内移動のみ）,148,1.5,18,1.1,25,1.5,21,1.7,16,1.4,3,1.1,0,0.0,2,1.1,1,0.5,2,0.3,0,0.0,0,0.0,10,5.2,6,4.6,4,3.2,2,1.8,3,8.6,4,3.4,11,1.2,5,3.5,2,1.7,2,0.8,1,0.8,0,0.0,10,3.0
,,その他交通費,173,2.4,14,1.4,23,3.4,28,3.9,30,2.9,4,0.7,2,3.0,6,4.2,1,0.5,4,0.8,1,0.5,0,0.0,5,3.5,0,0.0,4,3.1,0,0.0,3,1.8,0,0.0,18,2.7,4,2.9,6,5.1,5,3.2,4,4.5,2,1.3,9,3.5
,娯楽等サービス費,,"4,379",56.6,345,45.1,357,49.3,434,54.4,591,55.1,138,51.4,75,55.5,101,61.9,113,59.0,328,61.2,81,25.9,48,44.1,142,82.0,97,83.9,102,81.0,83,77.1,78,72.6,50,83.9,554,73.7,114,73.0,75,75.0,130,78.8,77,79.1,69,70.7,197,73.3
,,現地ツアー・観光ガイド,655,8.8,76,10.0,57,7.5,58,6.5,59,4.9,13,4.6,18,11.8,16,6.8,11,5.3,60,11.3,8,2.9,15,13.6,25,13.3,14,11.4,10,8.3,16,14.5,10,14.7,5,5.6,81,10.6,20,12.9,16,18.4,22,12.5,12,11.9,1,0.6,32,11.1
,,ゴルフ場・スポーツ施設利用料,49,0.6,18,1.2,3,0.2,2,0.2,2,0.2,0,0.0,1,0.2,0,0.0,0,0.0,3,0.4,0,0.0,0,0.0,0,0.0,2,1.8,3,2.5,1,1.0,1,0.6,0,0.0,8,1.1,2,1.0,0,0.0,1,0.6,0,0.0,0,0.0,2,0.9
,,テーマパーク,"1,397",17.0,62,9.8,65,9.4,104,13.7,156,15.2,51,21.5,22,20.8,40,27.8,61,32.5,180,34.0,17,5.7,21,19.0,45,24.1,34,30.2,32,25.6,17,15.5,24,28.0,15,12.0,212,29.1,35,23.2,39,37.1,53,32.6,15,14.0,33,30.3,64,25.4
,,舞台・音楽鑑賞,279,3.5,9,1.2,31,4.7,43,5.8,101,9.4,4,1.8,1,1.1,3,1.8,2,1.1,4,0.8,1,0.2,3,2.7,7,4.1,4,3.6,6,4.7,3,2.9,4,2.9,2,1.4,21,3.0,6,4.2,0,0.0,6,4.0,10,8.5,1,0.6,7,3.0
,,スポーツ観戦,159,2.1,3,0.4,6,1.0,5,0.6,6,0.6,2,0.8,1,0.2,2,1.7,1,0.5,2,0.4,2,0.5,2,1.9,10,5.7,5,4.5,5,4.0,2,1.8,2,1.7,1,1.0,55,7.3,16,11.5,4,5.0,7,4.5,5,6.0,1,0.6,14,5.6
,,美術館・博物館・動植物園・水族館,"2,658",33.5,156,20.4,205,28.1,246,31.0,314,29.4,83,29.2,47,32.8,60,35.4,51,26.9,170,32.0,55,18.1,30,27.7,97,56.4,77,67.7,78,61.9,65,61.1,63,61.6,38,75.0,353,47.0,77,49.0,40,41.7,92,55.9,62,65.1,49,54.9,150,55.3
,,スキー場リフト,30,0.3,0,0.0,3,0.4,4,0.5,2,0.2,4,1.6,1,0.2,2,1.5,2,1.0,0,0.0,1,0.2,0,0.0,3,2.2,1,0.9,0,0.0,0,0.0,0,0.0,0,0.0,2,0.3,2,1.3,0,0.0,0,0.0,1,0.8,1,0.6,1,0.3
,,温泉・温浴施設・ｴｽﾃ・ﾘﾗｸｾﾞｰｼｮﾝ,335,4.8,51,6.3,28,3.4,25,3.0,39,3.5,10,3.4,4,1.7,8,3.7,1,0.5,6,0.9,8,2.7,4,3.8,10,5.5,8,6.1,17,13.1,6,5.7,5,4.4,4,3.4,46,6.1,14,8.6,0,0.0,14,8.8,7,7.9,4,3.7,16,5.9
,,マッサージ・医療費,98,1.1,2,0.3,5,0.8,10,1.3,9,0.7,2,0.7,1,1.1,0,0.0,0,0.0,3,0.5,2,0.6,1,1.0,2,1.1,2,1.8,6,4.7,0,0.0,4,3.4,2,1.4,22,2.9,5,3.4,4,3.4,6,3.7,3,4.8,4,2.5,3,1.2
,,展示会・コンベンション参加費,58,0.8,3,0.5,5,0.8,8,1.0,16,1.4,1,0.4,2,1.0,0,0.0,1,0.5,0,0.0,0,0.0,0,0.0,2,1.1,1,0.9,2,1.6,2,1.7,0,0.0,0,0.0,9,1.3,0,0.0,1,0.8,0,0.0,0,0.0,2,2.5,3,1.2
,,レンタル料（レンタカーを除く）,38,0.5,3,0.3,2,0.2,5,0.6,7,0.7,0,0.0,1,0.2,0,0.0,0,0.0,0,0.0,0,0.0,0,0.0,0,0.0,1,0.9,1,0.8,0,0.0,0,0.0,0,0.0,7,0.9,3,1.5,0,0.0,2,1.4,2,1.6,0,0.0,4,1.3
,,その他娯楽等サービス費,392,5.7,52,7.5,19,2.2,23,2.9,50,4.7,3,1.2,5,4.1,6,4.0,8,4.1,16,3.1,6,2.0,5,4.8,13,9.6,5,4.5,10,7.7,8,7.6,4,2.9,9,6.8,56,7.5,12,9.0,17,14.9,15,9.6,5,6.7,15,11.4,30,11.5
,買物代,,"7,469",99.0,807,99.7,748,99.6,797,99.0,"1,080",99.0,269,99.1,127,98.9,165,99.9,200,98.7,529,97.4,324,96.5,103,94.5,172,96.6,112,96.5,123,98.3,107,99.0,100,99.4,70,100.0,741,97.8,153,98.7,100,97.8,166,99.8,99,98.4,101,100.0,276,98.4
,,菓子類,"5,331",72.6,676,83.9,602,79.7,577,72.1,723,66.9,240,89.0,92,71.0,127,74.5,157,78.8,440,81.6,274,81.8,71,65.1,104,58.8,55,47.5,66,52.3,58,54.5,76,69.5,44,78.3,434,57.0,75,50.0,71,67.6,108,64.5,48,46.6,61,50.3,152,53.1
,,酒類,"1,459",23.0,322,40.4,111,13.1,102,11.5,150,13.9,42,15.0,21,16.4,20,12.5,8,4.2,29,4.5,51,14.2,17,15.4,60,32.1,18,14.9,30,23.4,37,34.1,17,29.6,19,17.6,190,25.1,39,24.7,27,26.0,51,31.4,22,20.8,18,18.9,58,22.2
,,生鮮農産物,436,4.9,14,1.1,75,8.5,85,9.2,53,4.9,17,6.5,6,5.1,10,6.3,13,4.7,21,3.7,17,5.0,2,1.8,11,5.9,5,3.9,5,3.8,6,5.5,5,9.3,2,1.4,37,4.5,8,5.2,4,3.4,11,6.4,5,6.7,6,8.1,18,5.7
,,その他食料品・飲料・たばこ,"3,812",52.9,424,62.0,284,39.8,344,43.5,488,45.6,116,44.8,50,42.9,99,61.2,116,57.5,329,61.0,147,43.1,36,33.5,69,43.1,50,43.7,80,63.5,57,53.0,68,50.2,37,69.6,456,61.7,108,71.5,67,63.7,106,64.1,55,47.6,61,52.7,165,59.3
,,化粧品・香水,"2,894",35.4,209,25.5,303,40.2,334,41.0,588,54.0,138,52.6,53,40.4,64,35.3,70,33.7,242,43.7,142,41.3,35,31.9,45,27.2,29,25.8,31,24.7,48,44.2,34,38.9,23,19.3,204,27.3,48,30.6,31,31.4,64,39.2,24,24.1,48,45.3,87,33.5
,,医薬品,"1,637",24.5,280,33.2,336,42.7,264,32.2,323,29.3,32,10.6,17,11.8,24,13.6,35,15.8,54,9.2,97,27.3,5,4.5,8,5.0,6,5.4,7,5.5,2,1.9,5,3.5,17,15.5,52,6.4,14,9.9,9,7.6,16,9.2,5,4.3,14,11.2,15,4.8
,,健康グッズ・トイレタリー,"1,023",13.6,68,7.6,228,29.9,165,20.5,209,19.2,15,4.6,22,17.0,17,10.5,18,9.4,56,10.1,60,17.6,4,3.6,13,7.4,2,1.8,9,7.2,7,6.6,9,6.4,14,11.3,46,6.1,12,8.7,3,2.5,19,12.0,6,5.0,5,4.3,16,5.8
,,衣類,"4,140",52.0,294,37.6,375,51.1,446,56.3,458,42.2,154,56.8,77,56.3,104,66.4,133,68.0,365,67.7,152,43.6,59,53.6,108,61.1,74,64.2,73,58.3,71,65.8,68,76.3,55,88.4,458,61.5,103,65.2,74,71.1,103,63.4,75,73.7,87,84.9,174,66.0
,,靴・かばん・革製品,"2,367",27.8,77,11.1,241,31.8,272,33.2,269,24.7,107,40.6,59,48.0,79,54.0,104,52.6,275,51.1,80,24.1,47,43.2,37,20.6,28,24.9,45,35.1,25,23.3,31,27.4,33,68.3,222,29.0,56,35.4,45,43.8,51,31.7,37,39.9,60,56.4,87,32.9
,,電気製品（デジタルカメラ／PC／家電等）,446,5.5,3,0.5,55,7.5,38,4.5,45,3.9,11,4.0,7,5.6,13,6.5,9,3.6,33,5.8,19,4.9,8,7.6,9,5.1,8,6.7,15,12.7,7,6.6,11,12.9,7,46.7,41,5.4,13,8.2,6,6.7,18,10.9,7,8.3,31,32.6,32,12.5
,,時計・フィルムカメラ,318,3.5,5,0.5,6,0.8,7,1.0,22,2.0,8,3.3,4,2.9,13,9.9,12,6.2,45,8.1,19,5.6,13,11.8,6,3.7,5,4.5,8,6.5,6,5.5,10,13.3,6,45.6,49,6.8,8,5.2,13,12.6,14,8.8,2,2.2,20,19.7,17,6.0
,,宝石・貴金属,212,2.3,5,0.8,3,0.3,9,1.0,19,1.9,4,1.4,1,1.5,7,3.7,3,1.6,23,4.2,3,0.6,3,2.7,9,5.2,3,2.6,6,4.7,1,1.0,3,1.8,2,1.4,48,6.5,8,5.2,5,4.7,14,8.7,11,13.3,10,6.3,12,4.5
,,民芸品・伝統工芸品,763,8.8,17,2.2,43,6.0,47,5.9,63,5.9,11,4.3,13,7.8,23,14.8,12,6.7,33,6.3,8,2.5,5,4.7,36,19.3,26,22.6,34,27.3,37,33.5,37,31.0,9,7.9,121,15.9,33,21.0,22,20.2,45,27.7,30,29.4,8,5.1,50,19.7
,,本･雑誌･ガイドブックなど,384,4.9,12,1.6,20,2.9,23,2.7,35,3.2,6,2.0,4,3.2,8,5.6,8,3.3,10,1.9,5,1.4,5,4.5,9,5.6,14,12.6,22,17.7,14,13.3,13,8.8,16,55.3,69,9.5,18,11.7,9,11.3,20,12.5,6,4.7,8,8.6,30,11.6
,,音楽・映像・ゲームなどソフトウェア,329,3.8,8,0.7,15,2.5,31,4.0,47,4.3,9,3.9,7,5.2,7,5.0,3,1.8,9,1.7,7,2.5,2,1.7,17,8.6,11,9.8,19,15.2,8,7.4,7,11.5,4,3.1,51,7.0,8,4.9,9,9.2,16,9.8,10,8.2,10,10.2,14,5.8
,,その他買物代,901,12.6,96,13.2,58,8.2,100,13.4,134,12.8,20,7.7,5,4.7,15,9.4,10,4.7,46,8.8,17,5.3,13,12.0,19,11.6,26,22.8,28,22.3,17,16.3,12,8.7,7,6.6,129,17.8,24,15.5,19,18.7,30,18.9,17,18.1,11,6.9,48,18.6
,その他,,10,0.1,1,0.2,1,0.2,1,0.0,2,0.2,1,0.3,0,0.0,1,0.2,0,0.0,0,0.0,0,0.0,0,0.0,0,0.0,0,0.0,0,0.0,0,0.0,0,0.0,0,0.0,1,0.1,1,0.5,0,0.0,0,0.0,0,0.0,0,0.0,1,0.4
,,,,,,,,,,,,,,,,,,,,,,,,,,,,,,,,,,,,,,,,,,,,,,,,,,,,
調査項目,,,全国籍･地域,,韓国,,台湾,,香港,,中国,,タイ,,シンガポール,,マレーシア,,インドネシア,,フィリピン,,ベトナム,,インド,,英国,,ドイツ,,フランス,,イタリア,,スペイン,,ロシア,,米国,,カナダ,,メキシコ,,オーストラリア,,北欧,,中東,,その他,
,,,回答数,購入者単価,回答数,購入者単価,回答数,購入者単価,回答数,購入者単価,回答数,購入者単価,回答数,購入者単価,回答数,購入者単価,回答数,購入者単価,回答数,購入者単価,回答数,購入者単価,回答数,購入者単価,回答数,購入者単価,回答数,購入者単価,回答数,購入者単価,回答数,購入者単価,回答数,購入者単価,回答数,購入者単価,回答数,購入者単価,回答数,購入者単価,回答数,購入者単価,回答数,購入者単価,回答数,購入者単価,回答数,購入者単価,回答数,購入者単価,回答数,購入者単価
旅行前支出,団体パッケージツアー,,668,"328,650",53,"121,954",156,"188,265",48,"263,957",16,"197,830",27,"237,148",2,"392,349",18,"310,928",17,"227,532",24,"223,782",116,"216,861",13,"642,100",11,"1,432,449",6,"944,847",4,"486,238",12,"800,894",11,"686,761",9,"697,274",35,"680,060",7,"1,054,507",16,"802,933",15,"665,701",4,"1,147,371",23,"669,745",25,"850,609"
【A1】,個人旅行向けパッケージ商品,,246,"302,848",19,"66,603",38,"148,536",33,"138,875",20,"160,594",14,"210,322",1,"32,384",3,"255,540",3,"187,564",16,"169,748",19,"217,032",12,"490,674",5,"775,284",3,"378,770",6,"718,469",2,"605,517",3,"571,018",7,"813,791",9,"493,324",4,"542,816",3,"458,732",9,"719,786",4,"580,265",1,"181,307",12,"844,597"
,往復航空（船舶）運賃,,"6,673","109,056",746,"37,650",559,"68,408",725,"71,139","1,057","78,985",231,"125,761",125,"117,090",145,"97,629",182,"81,854",502,"66,629",200,"74,371",84,"135,559",163,"266,216",107,"294,782",115,"235,006",94,"228,694",87,"216,473",54,"258,106",714,"215,578",144,"186,041",83,"233,786",143,"168,456",93,"225,352",77,"229,866",243,"243,119"
日本滞在中の,宿泊費,,"6,303","93,315",711,"32,320",547,"67,129",711,"74,587",978,"85,524",220,"91,526",125,"119,080",143,"80,969",161,"125,922",434,"67,353",143,"139,790",67,"141,285",157,"210,590",109,"202,407",114,"179,136",93,"154,821",86,"135,637",54,"143,880",678,"163,753",143,"126,122",84,"173,185",144,"175,164",94,"140,597",74,"188,940",233,"172,970"
費目別支出,飲食費,,"6,977","50,250",781,"26,936",628,"38,030",778,"50,798","1,078","52,986",250,"51,541",127,"63,142",152,"55,598",186,"43,266",488,"40,031",197,"51,275",82,"44,201",172,"93,365",111,"77,946",122,"74,275",103,"75,272",94,"70,465",64,"70,569",725,"77,045",149,"73,233",95,"85,225",155,"73,290",99,"79,236",81,"83,286",260,"83,787"
【A1】,交通費,,"6,706","23,677",740,"7,695",596,"15,867",758,"18,885","1,044","18,067",235,"21,445",126,"29,248",145,"25,379",172,"23,449",466,"19,795",168,"21,210",81,"39,379",173,"49,090",108,"47,779",117,"46,055",97,"44,692",93,"54,102",61,"43,154",713,"43,323",152,"45,389",85,"53,819",151,"42,455",97,"41,959",75,"48,969",253,"49,643"
,,航空（日本国内移動のみ）,247,"32,629",1,"13,295",10,"43,322",17,"27,325",35,"22,756",6,"83,805",7,"25,896",4,"23,424",6,"17,774",15,"25,820",4,"27,402",3,"76,661",9,"29,416",9,"35,909",7,"36,224",4,"91,239",3,"37,753",2,"15,802",53,"33,235",11,"26,023",9,"19,920",11,"35,216",3,"42,027",6,"34,746",12,"25,421"
,,Japan Rail Pass,360,"25,171",24,"11,562",39,"13,940",42,"16,135",44,"17,248",17,"20,272",9,"16,937",5,"12,141",8,"27,169",11,"20,020",6,"14,443",5,"10,850",12,"36,001",10,"53,147",19,"32,445",11,"42,297",10,"53,486",4,"24,360",40,"29,035",6,"36,680",2,"50,230",7,"48,451",6,"43,675",3,"52,732",20,"48,659"
,,新幹線・鉄道・地下鉄・モノレール,"5,624","16,937",522,"5,247",427,"9,270",574,"10,703",947,"12,244",179,"11,584",89,"15,172",119,"18,168",158,"18,215",410,"14,131",152,"16,783",73,"29,016",154,"37,996",100,"35,389",105,"33,518",89,"30,205",89,"41,883",57,"35,708",643,"30,040",140,"32,613",80,"37,413",134,"29,144",90,"28,507",70,"38,323",223,"38,558"
,,バス,"1,821","4,160",244,"2,454",141,"2,810",187,"4,732",237,"3,438",47,"5,243",22,"8,983",40,"2,948",56,"4,891",121,"7,039",39,"4,217",24,"6,347",46,"5,599",46,"6,601",44,"5,747",29,"4,951",30,"4,908",25,"2,172",185,"6,054",49,"6,366",30,"6,152",48,"5,382",29,"4,047",28,"6,002",74,"6,122"
,,タクシー,"2,012","10,114",177,"5,232",126,"7,801",120,"9,211",243,"13,270",56,"8,906",31,"13,263",37,"5,789",45,"8,382",136,"10,077",41,"6,762",40,"10,883",100,"11,125",39,"10,253",38,"8,232",46,"12,159",25,"6,209",19,"8,905",373,"15,989",53,"11,293",34,"14,564",79,"10,344",39,"14,707",36,"8,572",79,"10,807"
,,レンタカー,735,"27,058",99,"14,295",130,"24,146",171,"30,927",41,"35,120",60,"27,608",37,"47,069",33,"37,255",6,"24,471",29,"21,685",6,"28,365",3,"69,117",10,"30,888",5,"19,999",9,"45,269",2,"60,343",8,"61,760",0,-,31,"36,571",5,"23,876",2,"41,057",13,"32,875",8,"36,706",3,"53,648",24,"51,787"
,,船舶（日本国内移動のみ）,148,"12,022",18,"1,430",25,"4,398",21,"1,892",16,"4,544",3,"4,042",0,-,2,"1,369",1,"14,300",2,883,0,-,0,-,10,"2,497",6,"3,255",4,"2,097",2,665,3,"2,575",4,"2,620",11,"3,246",5,"132,842",2,"291,953",2,"114,885",1,"1,000",0,-,10,"5,128"
,,その他交通費,173,"10,735",14,"2,174",23,"5,299",28,"5,321",30,"12,790",4,"2,404",2,"18,683",6,"14,568",1,"16,615",4,"12,996",1,"120,000",0,-,5,"4,922",0,-,4,"2,613",0,-,3,"17,545",0,-,18,"26,381",4,"10,614",6,"20,355",5,"21,284",4,"15,635",2,"7,272",9,"14,566"
,娯楽等サービス費,,"4,379","16,538",345,"8,102",357,"10,780",434,"11,503",591,"18,469",138,"10,884",75,"14,464",101,"12,987",113,"19,548",328,"13,705",81,"10,975",48,"17,559",142,"23,199",97,"14,479",102,"21,493",83,"18,068",78,"13,314",50,"14,895",554,"28,553",114,"19,062",75,"34,618",130,"27,930",77,"28,567",69,"22,448",197,"25,006"
,,現地ツアー・観光ガイド,655,"21,930",76,"5,034",57,"20,462",58,"14,250",59,"14,634",13,"9,831",18,"17,232",16,"8,733",11,"16,639",60,"15,256",8,"19,196",15,"12,759",25,"38,371",14,"11,077",10,"43,572",16,"21,653",10,"6,282",5,"14,119",81,"61,755",20,"26,254",16,"18,275",22,"41,282",12,"15,675",1,"3,185",32,"36,873"
,,ゴルフ場・スポーツ施設利用料,49,"29,058",18,"38,851",3,"6,778",2,"8,260",2,"44,105",0,-,1,"4,671",0,-,0,-,3,"14,735",0,-,0,-,0,-,2,"14,104",3,"26,076",1,"29,707",1,"1,857",0,-,8,"17,170",2,"4,013",0,-,1,284,0,-,0,-,2,"43,163"
,,テーマパーク,"1,397","15,890",62,"13,507",65,"10,148",104,"11,867",156,"12,053",51,"13,299",22,"18,316",40,"14,829",61,"12,864",180,"15,116",17,"15,150",21,"14,336",45,"27,295",34,"14,553",32,"19,265",17,"10,738",24,"13,086",15,"16,735",212,"16,610",35,"15,464",39,"37,221",53,"31,211",15,"13,198",33,"29,127",64,"18,477"
,,舞台・音楽鑑賞,279,"23,172",9,"27,532",31,"23,579",43,"18,832",101,"30,901",4,"25,511",1,"10,000",3,"72,544",2,"17,243",4,"16,500",1,"150,000",3,"15,256",7,"17,307",4,"11,445",6,"8,783",3,"2,647",4,"9,633",2,"5,000",21,"13,123",6,"8,009",0,-,6,"16,648",10,"20,164",1,"3,300",7,"19,519"
,,スポーツ観戦,159,"12,790",3,"26,227",6,"7,084",5,"13,272",6,"14,352",2,"8,061",1,"2,142",2,"20,048",1,"13,000",2,"3,336",2,"10,131",2,"17,922",10,"8,338",5,"7,653",5,"9,434",2,"5,401",2,"14,883",1,"5,000",55,"14,602",16,"7,126",4,"38,264",7,"7,075",5,"8,799",1,"119,436",14,"11,817"
,,美術館・博物館・動植物園・水族館,"2,658","5,057",156,"1,953",205,"3,714",246,"4,246",314,"3,819",83,"3,856",47,"2,903",60,"4,149",51,"3,186",170,"3,390",55,"3,800",30,"5,252",97,"6,428",77,"6,629",78,"8,409",65,"6,969",63,"5,556",38,"11,346",353,"6,630",77,"7,571",40,"13,134",92,"7,450",62,"5,479",49,"8,005",150,"7,864"
,,スキー場リフト,30,"19,705",0,-,3,"17,419",4,"39,001",2,"15,199",4,"11,438",1,"6,228",2,"10,059",2,"11,280",0,-,1,"25,000",0,-,3,"57,591",1,"22,281",0,-,0,-,0,-,0,-,2,"12,000",2,"13,970",0,-,0,-,1,"12,000",1,"11,702",1,"2,228"
,,温泉・温浴施設・ｴｽﾃ・ﾘﾗｸｾﾞｰｼｮﾝ,335,"6,367",51,"2,210",28,"7,839",25,"7,931",39,"4,121",10,"2,735",4,"2,779",8,772,1,"10,000",6,"2,979",8,"8,703",4,"25,744",10,"7,204",8,"6,036",17,"8,361",6,"26,119",5,"2,321",4,"17,715",46,"8,335",14,"12,475",0,-,14,"6,849",7,"11,133",4,"29,818",16,"10,917"
,,マッサージ・医療費,98,"19,665",2,"10,288",5,"8,929",10,"24,934",9,"140,443",2,"10,536",1,"5,000",0,-,0,-,3,"11,762",2,"8,579",1,300,2,"12,426",2,"3,507",6,"9,689",0,-,4,"16,868",2,"4,355",22,"12,980",5,"7,074",4,"9,078",6,"4,556",3,"23,576",4,"7,583",3,"17,813"
,,展示会・コンベンション参加費,58,"25,487",3,"1,795",5,"4,085",8,"14,367",16,"108,370",1,"2,721",2,"6,190",0,-,1,"1,010",0,-,0,-,0,-,2,"1,700",1,"18,567",2,"1,732",2,"4,178",0,-,0,-,9,"20,057",0,-,1,"13,762",0,-,0,-,2,"4,671",3,"10,624"
,,レンタル料（レンタカーを除く）,38,"8,657",3,"1,972",2,"23,873",5,"10,027",7,"10,833",0,-,1,"30,218",0,-,0,-,0,-,0,-,0,-,0,-,1,"2,785",1,"16,710",0,-,0,-,0,-,7,"6,439",3,"3,117",0,-,2,"9,745",2,"30,000",0,-,4,"6,095"
,,その他娯楽等サービス費,392,"16,275",52,"4,346",19,"5,269",23,"8,643",50,"13,491",3,"23,101",5,"21,027",6,"1,013",8,"125,256",16,"4,783",6,"1,818",5,"1,867",13,"7,584",5,"3,901",10,"6,098",8,"37,287",4,"15,234",9,"5,814",56,"48,588",12,"5,284",17,"6,665",15,"6,727",5,"156,701",15,"3,302",30,"21,720"
,買物代,,"7,469","66,116",807,"28,735",748,"68,343",797,"72,264","1,080","106,981",269,"66,557",127,"70,840",165,"70,583",200,"61,241",529,"72,121",324,"63,073",103,"68,842",172,"56,125",112,"56,599",123,"97,730",107,"48,999",100,"63,490",70,"150,184",741,"76,529",153,"89,286",100,"139,370",166,"84,585",99,"56,718",101,"138,962",276,"91,282"
,,菓子類,"5,331","10,854",676,"7,102",602,"12,387",577,"11,817",723,"12,159",240,"16,719",92,"13,408",127,"12,299",157,"13,913",440,"12,163",274,"15,060",71,"10,028",104,"10,172",55,"11,216",66,"8,576",58,"8,563",76,"8,415",44,"9,784",434,"11,543",75,"14,046",71,"34,359",108,"10,842",48,"7,620",61,"10,906",152,"11,578"
,,酒類,"1,459","11,878",322,"11,410",111,"7,709",102,"12,167",150,"14,536",42,"6,154",21,"7,245",20,"12,406",8,"5,596",29,"10,834",51,"12,306",17,"11,364",60,"11,403",18,"5,939",30,"8,788",37,"6,418",17,"2,860",19,"9,430",190,"11,548",39,"38,303",27,"34,080",51,"26,150",22,"10,585",18,"8,194",58,"9,247"
,,生鮮農産物,436,"7,920",14,"2,097",75,"5,858",85,"6,916",53,"13,479",17,"4,377",6,"2,232",10,"6,249",13,"52,629",21,"9,803",17,"29,930",2,"2,638",11,"7,308",5,"6,458",5,"2,934",6,"3,703",5,"16,205",2,"4,981",37,"6,283",8,"7,763",4,"4,676",11,"12,725",5,"11,935",6,"3,581",18,"4,749"
,,その他食料品・飲料・たばこ,"3,812","10,511",424,"5,663",284,"7,455",344,"9,417",488,"12,391",116,"11,578",50,"13,182",99,"11,538",116,"9,008",329,"8,774",147,"7,041",36,"11,607",69,"16,341",50,"20,853",80,"13,740",57,"11,107",68,"10,038",37,"20,167",456,"12,277",108,"27,205",67,"20,834",106,"18,384",55,"12,280",61,"13,126",165,"19,738"
,,化粧品・香水,"2,894","22,766",209,"8,212",303,"23,548",334,"24,524",588,"49,468",138,"23,269",53,"24,946",64,"20,406",70,"12,774",242,"17,664",142,"20,856",35,"18,809",45,"15,389",29,"13,928",31,"14,326",48,"12,609",34,"18,065",23,"25,348",204,"18,011",48,"15,514",31,"35,201",64,"18,587",24,"16,198",48,"24,460",87,"17,849"
,,医薬品,"1,637","11,711",280,"6,079",336,"16,049",264,"13,197",323,"18,396",32,"15,324",17,"11,950",24,"7,366",35,"9,481",54,"7,022",97,"16,776",5,"18,157",8,"2,747",6,"5,364",7,"3,101",2,"3,883",5,"14,092",17,"10,219",52,"7,386",14,"8,592",9,"6,652",16,"4,313",5,"2,700",14,"12,824",15,"4,039"
,,健康グッズ・トイレタリー,"1,023","13,603",68,"5,928",228,"15,543",165,"15,316",209,"18,989",15,"10,515",22,"11,333",17,"9,484",18,"10,805",56,"11,597",60,"16,289",4,"11,894",13,"7,357",2,"14,390",9,"4,535",7,"10,951",9,"17,151",14,"10,824",46,"11,832",12,"8,010",3,"7,885",19,"8,680",6,"8,989",5,"3,415",16,"13,462"
,,衣類,"4,140","27,214",294,"15,154",375,"28,724",446,"29,391",458,"47,009",154,"26,931",77,"24,427",104,"21,973",133,"17,876",365,"20,671",152,"27,757",59,"21,399",108,"22,297",74,"24,773",73,"29,939",71,"21,946",68,"14,639",55,"50,366",458,"27,470",103,"35,887",74,"45,574",103,"28,235",75,"26,113",87,"34,192",174,"33,841"
,,靴・かばん・革製品,"2,367","33,824",77,"20,368",241,"35,005",272,"38,771",269,"62,065",107,"26,388",59,"41,817",79,"27,610",104,"30,529",275,"31,144",80,"33,917",47,"26,935",37,"29,324",28,"17,928",45,"25,008",25,"18,281",31,"20,815",33,"38,350",222,"30,044",56,"26,957",45,"29,877",51,"39,817",37,"16,119",60,"38,087",87,"32,605"
,,電気製品（デジタルカメラ／PC／家電等）,446,"50,679",3,"33,621",55,"38,095",38,"27,479",45,"66,284",11,"20,404",7,"17,985",13,"31,165",9,"59,767",33,"36,008",19,"24,456",8,"12,181",9,"52,702",8,"29,872",15,"248,306",7,"13,951",11,"38,861",7,"67,661",41,"35,430",13,"18,362",6,"70,260",18,"26,522",7,"11,429",31,"117,142",32,"59,893"
,,時計・フィルムカメラ,318,"75,211",5,"18,683",6,"28,801",7,"127,251",22,"186,221",8,"9,371",4,"22,029",13,"54,281",12,"30,244",45,"45,430",19,"50,878",13,"79,952",6,"59,667",5,"35,075",8,"22,165",6,"16,569",10,"84,276",6,"4,115",49,"123,968",8,"17,040",13,"81,385",14,"33,794",2,"6,941",20,"95,190",17,"143,124"
,,宝石・貴金属,212,"67,116",5,"17,895",3,"203,075",9,"213,745",19,"284,980",4,"39,779",1,"5,673",7,"88,760",3,"16,385",23,"141,645",3,"13,293",3,"300,796",9,"8,948",3,"12,409",6,"4,057",1,"2,142",3,"3,899",2,"47,518",48,"41,037",8,"18,798",5,"22,663",14,"11,962",11,"10,967",10,"8,166",12,"42,889"
,,民芸品・伝統工芸品,763,"13,515",17,"4,953",43,"14,052",47,"13,462",63,"24,873",11,"17,432",13,"5,698",23,"7,224",12,"14,240",33,"13,629",8,"8,501",5,"11,734",36,"14,246",26,"13,364",34,"11,222",37,"10,821",37,"10,248",9,"11,828",121,"13,580",33,"14,073",22,"19,417",45,"13,899",30,"13,484",8,"9,381",50,"14,882"
,,本･雑誌･ガイドブックなど,384,"8,422",12,"3,889",20,"8,248",23,"10,209",35,"10,244",6,"6,712",4,"4,487",8,"3,827",8,"3,871",10,"8,631",5,"11,840",5,"15,741",9,"3,847",14,"8,630",22,"3,980",14,"7,637",13,"9,979",16,"16,506",69,"8,520",18,"5,942",9,"29,403",20,"6,408",6,"6,656",8,"4,599",30,"9,068"
,,音楽・映像・ゲームなどソフトウェア,329,"20,743",8,"8,682",15,"21,871",31,"23,465",47,"22,515",9,"14,030",7,"26,663",7,"14,950",3,"52,347",9,"13,109",7,"15,539",2,"9,254",17,"16,287",11,"16,683",19,"39,298",8,"11,051",7,"9,380",4,"77,197",51,"21,289",8,"6,193",9,"11,994",16,"11,720",10,"19,418",10,"14,754",14,"28,122"
,,その他買物代,901,"24,721",96,"10,553",58,"18,891",100,"24,968",134,"31,290",20,"15,416",5,"55,937",15,"9,439",10,"6,761",46,"19,543",17,"18,830",13,"20,578",19,"23,983",26,"21,391",28,"34,086",17,"19,675",12,"34,304",7,"27,606",129,"46,880",24,"33,287",19,"48,974",30,"24,798",17,"26,855",11,"25,319",48,"31,822"
,その他,,10,"123,794",1,"212,718",1,"71,429",1,"6,000",2,"111,493",1,"50,000",0,-,1,"79,862",0,-,0,-,0,-,0,-,0,-,0,-,0,-,0,-,0,-,0,-,1,"79,624",1,"23,000",0,-,0,-,0,-,0,-,1,"139,254"
